Timestamp,InstanceId,BotId,Name,Value
636151705747962894,"loadtest__sample-0__0","loadtest__sample-0__0:conreign-load-test-0_leader",Bot.EventsReceived,0
636151705767437970,"loadtest__sample-0__0","loadtest__sample-0__0:conreign-load-test-0_bot-1",Bot.EventsReceived,0
636151705788078292,"loadtest__sample-0__0","loadtest__sample-0__0:conreign-load-test-0_bot-2",Bot.EventsReceived,0
636151705799063902,"loadtest__sample-0__0","loadtest__sample-0__0:conreign-load-test-0_leader",Bot.EventsReceived,10
636151705799063902,"loadtest__sample-0__0","loadtest__sample-0__0:conreign-load-test-0_leader",Bot.ProcessedEvents,10
636151705799343907,"loadtest__sample-0__0","loadtest__sample-0__0:conreign-load-test-0_bot-1",Bot.EventsReceived,10
636151705799343907,"loadtest__sample-0__0","loadtest__sample-0__0:conreign-load-test-0_bot-1",Bot.ProcessedEvents,10
636151705808230058,"loadtest__sample-0__0","loadtest__sample-0__0:conreign-load-test-0_bot-3",Bot.EventsReceived,0
636151705819434046,"loadtest__sample-0__0","loadtest__sample-0__0:conreign-load-test-0_bot-2",Bot.EventsReceived,10
636151705819434046,"loadtest__sample-0__0","loadtest__sample-0__0:conreign-load-test-0_bot-2",Bot.ProcessedEvents,10
636151705826445585,"loadtest__sample-0__0","loadtest__sample-0__0:conreign-load-test-0_leader",Bot.EventsReceived,20
636151705826565652,"loadtest__sample-0__0","loadtest__sample-0__0:conreign-load-test-0_bot-3",Bot.EventsReceived,10
636151705826565652,"loadtest__sample-0__0","loadtest__sample-0__0:conreign-load-test-0_bot-3",Bot.ProcessedEvents,10
636151705826694090,"loadtest__sample-0__0","loadtest__sample-0__0:conreign-load-test-0_leader",Bot.ProcessedEvents,20
636151705826854090,"loadtest__sample-0__0","loadtest__sample-0__0:conreign-load-test-0_bot-1",Bot.EventsReceived,20
636151705827824811,"loadtest__sample-0__0","loadtest__sample-0__0:conreign-load-test-0_bot-1",Bot.ProcessedEvents,20
636151705827834817,"loadtest__sample-0__0","loadtest__sample-0__0:conreign-load-test-0_bot-2",Bot.EventsReceived,20
636151705828247589,"loadtest__sample-0__0","loadtest__sample-0__0:conreign-load-test-1_leader",Bot.EventsReceived,0
636151705828791671,"loadtest__sample-0__0","loadtest__sample-0__0:conreign-load-test-0_leader",Bot.EventsReceived,30
636151705828801668,"loadtest__sample-0__0","loadtest__sample-0__0:conreign-load-test-0_bot-2",Bot.ProcessedEvents,20
636151705828871673,"loadtest__sample-0__0","loadtest__sample-0__0:conreign-load-test-0_bot-3",Bot.EventsReceived,20
636151705828871673,"loadtest__sample-0__0","loadtest__sample-0__0:conreign-load-test-0_bot-3",Bot.ProcessedEvents,20
636151705828943922,"loadtest__sample-0__0","loadtest__sample-0__0:conreign-load-test-0_leader",Bot.ProcessedEvents,30
636151705829367836,"loadtest__sample-0__0","loadtest__sample-0__0:conreign-load-test-0_bot-1",Bot.EventsReceived,30
636151705830000496,"loadtest__sample-0__0","loadtest__sample-0__0:conreign-load-test-0_bot-1",Bot.ProcessedEvents,30
636151705830254644,"loadtest__sample-0__0","loadtest__sample-0__0:conreign-load-test-0_bot-2",Bot.EventsReceived,30
636151705830612497,"loadtest__sample-0__0","loadtest__sample-0__0:conreign-load-test-0_bot-2",Bot.ProcessedEvents,30
636151705831425096,"loadtest__sample-0__0","loadtest__sample-0__0:conreign-load-test-0_leader",Bot.EventsReceived,40
636151705831425096,"loadtest__sample-0__0","loadtest__sample-0__0:conreign-load-test-0_leader",Bot.ProcessedEvents,40
636151705831747440,"loadtest__sample-0__0","loadtest__sample-0__0:conreign-load-test-0_bot-3",Bot.EventsReceived,30
636151705831757505,"loadtest__sample-0__0","loadtest__sample-0__0:conreign-load-test-0_bot-3",Bot.ProcessedEvents,30
636151705832087434,"loadtest__sample-0__0","loadtest__sample-0__0:conreign-load-test-0_bot-1",Bot.EventsReceived,40
636151705833135855,"loadtest__sample-0__0","loadtest__sample-0__0:conreign-load-test-0_bot-2",Bot.EventsReceived,40
636151705833135855,"loadtest__sample-0__0","loadtest__sample-0__0:conreign-load-test-0_bot-2",Bot.ProcessedEvents,40
636151705833639169,"loadtest__sample-0__0","loadtest__sample-0__0:conreign-load-test-0_leader",Bot.EventsReceived,50
636151705833639169,"loadtest__sample-0__0","loadtest__sample-0__0:conreign-load-test-0_leader",Bot.ProcessedEvents,50
636151705833884529,"loadtest__sample-0__0","loadtest__sample-0__0:conreign-load-test-0_bot-3",Bot.EventsReceived,40
636151705833884529,"loadtest__sample-0__0","loadtest__sample-0__0:conreign-load-test-0_bot-3",Bot.ProcessedEvents,40
636151705834204674,"loadtest__sample-0__0","loadtest__sample-0__0:conreign-load-test-0_bot-1",Bot.EventsReceived,50
636151705834601126,"loadtest__sample-0__0","loadtest__sample-0__0:conreign-load-test-0_bot-1",Bot.ProcessedEvents,40
636151705834611128,"loadtest__sample-0__0","loadtest__sample-0__0:conreign-load-test-0_bot-1",Bot.ProcessedEvents,50
636151705834903053,"loadtest__sample-0__0","loadtest__sample-0__0:conreign-load-test-0_bot-2",Bot.EventsReceived,50
636151705834903053,"loadtest__sample-0__0","loadtest__sample-0__0:conreign-load-test-0_bot-2",Bot.ProcessedEvents,50
636151705835443110,"loadtest__sample-0__0","loadtest__sample-0__0:conreign-load-test-0_leader",Bot.EventsReceived,60
636151705835443110,"loadtest__sample-0__0","loadtest__sample-0__0:conreign-load-test-0_leader",Bot.ProcessedEvents,60
636151705835623145,"loadtest__sample-0__0","loadtest__sample-0__0:conreign-load-test-0_bot-3",Bot.EventsReceived,50
636151705835633081,"loadtest__sample-0__0","loadtest__sample-0__0:conreign-load-test-0_bot-3",Bot.ProcessedEvents,50
636151705835763101,"loadtest__sample-0__0","loadtest__sample-0__0:conreign-load-test-0_bot-1",Bot.EventsReceived,60
636151705841152894,"loadtest__sample-0__0","loadtest__sample-0__0:conreign-load-test-0_bot-1",Bot.ProcessedEvents,60
636151705842021170,"loadtest__sample-0__0","loadtest__sample-0__0:conreign-load-test-0_bot-2",Bot.EventsReceived,60
636151705842021170,"loadtest__sample-0__0","loadtest__sample-0__0:conreign-load-test-0_bot-2",Bot.ProcessedEvents,60
636151705842635915,"loadtest__sample-0__0","loadtest__sample-0__0:conreign-load-test-0_leader",Bot.EventsReceived,70
636151705842635915,"loadtest__sample-0__0","loadtest__sample-0__0:conreign-load-test-0_leader",Bot.ProcessedEvents,70
636151705842645681,"loadtest__sample-0__0","loadtest__sample-0__0:conreign-load-test-0_bot-1",Bot.EventsReceived,70
636151705842795690,"loadtest__sample-0__0","loadtest__sample-0__0:conreign-load-test-0_bot-3",Bot.EventsReceived,60
636151705843019962,"loadtest__sample-0__0","loadtest__sample-0__0:conreign-load-test-0_bot-1",Bot.ProcessedEvents,70
636151705843589986,"loadtest__sample-0__0","loadtest__sample-0__0:conreign-load-test-0_bot-3",Bot.ProcessedEvents,60
636151705844532910,"loadtest__sample-0__0","loadtest__sample-0__0:conreign-load-test-0_bot-2",Bot.EventsReceived,70
636151705844532910,"loadtest__sample-0__0","loadtest__sample-0__0:conreign-load-test-0_bot-2",Bot.ProcessedEvents,70
636151705845012926,"loadtest__sample-0__0","loadtest__sample-0__0:conreign-load-test-0_bot-1",Bot.EventsReceived,80
636151705845023174,"loadtest__sample-0__0","loadtest__sample-0__0:conreign-load-test-0_leader",Bot.EventsReceived,80
636151705845023174,"loadtest__sample-0__0","loadtest__sample-0__0:conreign-load-test-0_leader",Bot.ProcessedEvents,80
636151705845142997,"loadtest__sample-0__0","loadtest__sample-0__0:conreign-load-test-0_bot-3",Bot.EventsReceived,70
636151705845142997,"loadtest__sample-0__0","loadtest__sample-0__0:conreign-load-test-0_bot-3",Bot.ProcessedEvents,70
636151705846051521,"loadtest__sample-0__0","loadtest__sample-0__0:conreign-load-test-0_bot-1",Bot.ProcessedEvents,80
636151705846586654,"loadtest__sample-0__0","loadtest__sample-0__0:conreign-load-test-0_bot-2",Bot.EventsReceived,80
636151705846586654,"loadtest__sample-0__0","loadtest__sample-0__0:conreign-load-test-0_bot-2",Bot.ProcessedEvents,80
636151705847090149,"loadtest__sample-0__0","loadtest__sample-0__0:conreign-load-test-0_bot-1",Bot.EventsReceived,90
636151705847330135,"loadtest__sample-0__0","loadtest__sample-0__0:conreign-load-test-0_leader",Bot.EventsReceived,90
636151705847330135,"loadtest__sample-0__0","loadtest__sample-0__0:conreign-load-test-0_leader",Bot.ProcessedEvents,90
636151705847516600,"loadtest__sample-0__0","loadtest__sample-0__0:conreign-load-test-0_bot-3",Bot.EventsReceived,80
636151705847516600,"loadtest__sample-0__0","loadtest__sample-0__0:conreign-load-test-0_bot-3",Bot.ProcessedEvents,80
636151705848178786,"loadtest__sample-0__0","loadtest__sample-0__0:conreign-load-test-0_bot-1",Bot.ProcessedEvents,90
636151705848339037,"loadtest__sample-0__0","loadtest__sample-0__0:conreign-load-test-1_bot-1",Bot.EventsReceived,0
636151705849219520,"loadtest__sample-0__0","loadtest__sample-0__0:conreign-load-test-0_bot-1",Bot.EventsReceived,100
636151705849219520,"loadtest__sample-0__0","loadtest__sample-0__0:conreign-load-test-0_bot-2",Bot.EventsReceived,90
636151705849219520,"loadtest__sample-0__0","loadtest__sample-0__0:conreign-load-test-0_bot-2",Bot.ProcessedEvents,90
636151705849670231,"loadtest__sample-0__0","loadtest__sample-0__0:conreign-load-test-0_leader",Bot.EventsReceived,100
636151705849670231,"loadtest__sample-0__0","loadtest__sample-0__0:conreign-load-test-0_leader",Bot.ProcessedEvents,100
636151705849839546,"loadtest__sample-0__0","loadtest__sample-0__0:conreign-load-test-0_bot-3",Bot.EventsReceived,90
636151705849839546,"loadtest__sample-0__0","loadtest__sample-0__0:conreign-load-test-0_bot-3",Bot.ProcessedEvents,90
636151705850400246,"loadtest__sample-0__0","loadtest__sample-0__0:conreign-load-test-0_bot-1",Bot.ProcessedEvents,100
636151705851094361,"loadtest__sample-0__0","loadtest__sample-0__0:conreign-load-test-0_bot-1",Bot.EventsReceived,110
636151705851244369,"loadtest__sample-0__0","loadtest__sample-0__0:conreign-load-test-0_bot-2",Bot.EventsReceived,100
636151705851244369,"loadtest__sample-0__0","loadtest__sample-0__0:conreign-load-test-0_bot-2",Bot.ProcessedEvents,100
636151705851701308,"loadtest__sample-0__0","loadtest__sample-0__0:conreign-load-test-0_leader",Bot.EventsReceived,110
636151705851710960,"loadtest__sample-0__0","loadtest__sample-0__0:conreign-load-test-0_leader",Bot.ProcessedEvents,110
636151705851893189,"loadtest__sample-0__0","loadtest__sample-0__0:conreign-load-test-0_bot-3",Bot.EventsReceived,100
636151705852427578,"loadtest__sample-0__0","loadtest__sample-0__0:conreign-load-test-0_bot-1",Bot.ProcessedEvents,110
636151705853284397,"loadtest__sample-0__0","loadtest__sample-0__0:conreign-load-test-0_bot-3",Bot.ProcessedEvents,100
636151705853423946,"loadtest__sample-0__0","loadtest__sample-0__0:conreign-load-test-0_bot-1",Bot.EventsReceived,120
636151705853733939,"loadtest__sample-0__0","loadtest__sample-0__0:conreign-load-test-0_bot-2",Bot.EventsReceived,110
636151705853733939,"loadtest__sample-0__0","loadtest__sample-0__0:conreign-load-test-0_bot-2",Bot.ProcessedEvents,110
636151705854410584,"loadtest__sample-0__0","loadtest__sample-0__0:conreign-load-test-0_leader",Bot.EventsReceived,120
636151705854420397,"loadtest__sample-0__0","loadtest__sample-0__0:conreign-load-test-0_leader",Bot.ProcessedEvents,120
636151705854540394,"loadtest__sample-0__0","loadtest__sample-0__0:conreign-load-test-0_bot-3",Bot.EventsReceived,110
636151705854540394,"loadtest__sample-0__0","loadtest__sample-0__0:conreign-load-test-0_bot-3",Bot.ProcessedEvents,110
636151705855199007,"loadtest__sample-0__0","loadtest__sample-0__0:conreign-load-test-0_bot-1",Bot.EventsReceived,130
636151705855218761,"loadtest__sample-0__0","loadtest__sample-0__0:conreign-load-test-0_bot-1",Bot.ProcessedEvents,120
636151705855940026,"loadtest__sample-0__0","loadtest__sample-0__0:conreign-load-test-0_bot-2",Bot.EventsReceived,120
636151705855940026,"loadtest__sample-0__0","loadtest__sample-0__0:conreign-load-test-0_bot-2",Bot.ProcessedEvents,120
636151705856587022,"loadtest__sample-0__0","loadtest__sample-0__0:conreign-load-test-0_leader",Bot.EventsReceived,130
636151705856587022,"loadtest__sample-0__0","loadtest__sample-0__0:conreign-load-test-0_leader",Bot.ProcessedEvents,130
636151705856717001,"loadtest__sample-0__0","loadtest__sample-0__0:conreign-load-test-0_bot-3",Bot.EventsReceived,120
636151705856717001,"loadtest__sample-0__0","loadtest__sample-0__0:conreign-load-test-0_bot-3",Bot.ProcessedEvents,120
636151705857284387,"loadtest__sample-0__0","loadtest__sample-0__0:conreign-load-test-0_bot-1",Bot.ProcessedEvents,130
636151705857800603,"loadtest__sample-0__0","loadtest__sample-0__0:conreign-load-test-0_bot-1",Bot.EventsReceived,140
636151705858467436,"loadtest__sample-0__0","loadtest__sample-0__0:conreign-load-test-0_bot-2",Bot.EventsReceived,130
636151705858467436,"loadtest__sample-0__0","loadtest__sample-0__0:conreign-load-test-0_bot-2",Bot.ProcessedEvents,130
636151705859027783,"loadtest__sample-0__0","loadtest__sample-0__0:conreign-load-test-0_leader",Bot.EventsReceived,140
636151705859027783,"loadtest__sample-0__0","loadtest__sample-0__0:conreign-load-test-0_leader",Bot.ProcessedEvents,140
636151705859203146,"loadtest__sample-0__0","loadtest__sample-0__0:conreign-load-test-0_bot-3",Bot.EventsReceived,130
636151705859203146,"loadtest__sample-0__0","loadtest__sample-0__0:conreign-load-test-0_bot-3",Bot.ProcessedEvents,130
636151705859563215,"loadtest__sample-0__0","loadtest__sample-0__0:conreign-load-test-0_bot-1",Bot.EventsReceived,150
636151705859853230,"loadtest__sample-0__0","loadtest__sample-0__0:conreign-load-test-0_bot-2",Bot.EventsReceived,140
636151705859853230,"loadtest__sample-0__0","loadtest__sample-0__0:conreign-load-test-0_bot-2",Bot.ProcessedEvents,140
636151705860293237,"loadtest__sample-0__0","loadtest__sample-0__0:conreign-load-test-0_bot-1",Bot.ProcessedEvents,140
636151705860303236,"loadtest__sample-0__0","loadtest__sample-0__0:conreign-load-test-0_bot-1",Bot.ProcessedEvents,150
636151705860683829,"loadtest__sample-0__0","loadtest__sample-0__0:conreign-load-test-0_leader",Bot.EventsReceived,150
636151705860683829,"loadtest__sample-0__0","loadtest__sample-0__0:conreign-load-test-0_leader",Bot.ProcessedEvents,150
636151705860926474,"loadtest__sample-0__0","loadtest__sample-0__0:conreign-load-test-0_bot-3",Bot.EventsReceived,140
636151705860936345,"loadtest__sample-0__0","loadtest__sample-0__0:conreign-load-test-0_bot-3",Bot.ProcessedEvents,140
636151705861430762,"loadtest__sample-0__0","loadtest__sample-0__0:conreign-load-test-0_bot-1",Bot.EventsReceived,160
636151705862031806,"loadtest__sample-0__0","loadtest__sample-0__0:conreign-load-test-0_bot-2",Bot.EventsReceived,150
636151705862031806,"loadtest__sample-0__0","loadtest__sample-0__0:conreign-load-test-0_bot-2",Bot.ProcessedEvents,150
636151705862539066,"loadtest__sample-0__0","loadtest__sample-0__0:conreign-load-test-0_leader",Bot.EventsReceived,160
636151705862549064,"loadtest__sample-0__0","loadtest__sample-0__0:conreign-load-test-0_leader",Bot.ProcessedEvents,160
636151705862749076,"loadtest__sample-0__0","loadtest__sample-0__0:conreign-load-test-0_bot-1",Bot.ProcessedEvents,160
636151705862779076,"loadtest__sample-0__0","loadtest__sample-0__0:conreign-load-test-0_bot-3",Bot.EventsReceived,150
636151705863604413,"loadtest__sample-0__0","loadtest__sample-0__0:conreign-load-test-0_bot-1",Bot.EventsReceived,170
636151705863604413,"loadtest__sample-0__0","loadtest__sample-0__0:conreign-load-test-0_bot-3",Bot.ProcessedEvents,150
636151705864274437,"loadtest__sample-0__0","loadtest__sample-0__0:conreign-load-test-0_bot-2",Bot.EventsReceived,160
636151705864274437,"loadtest__sample-0__0","loadtest__sample-0__0:conreign-load-test-0_bot-2",Bot.ProcessedEvents,160
636151705864685658,"loadtest__sample-0__0","loadtest__sample-0__0:conreign-load-test-0_leader",Bot.EventsReceived,170
636151705864685658,"loadtest__sample-0__0","loadtest__sample-0__0:conreign-load-test-0_leader",Bot.ProcessedEvents,170
636151705864928732,"loadtest__sample-0__0","loadtest__sample-0__0:conreign-load-test-0_bot-1",Bot.EventsReceived,180
636151705864928732,"loadtest__sample-0__0","loadtest__sample-0__0:conreign-load-test-0_bot-3",Bot.EventsReceived,160
636151705864928732,"loadtest__sample-0__0","loadtest__sample-0__0:conreign-load-test-0_bot-3",Bot.ProcessedEvents,160
636151705865388833,"loadtest__sample-0__0","loadtest__sample-0__0:conreign-load-test-0_bot-1",Bot.ProcessedEvents,170
636151705865408740,"loadtest__sample-0__0","loadtest__sample-0__0:conreign-load-test-0_bot-1",Bot.ProcessedEvents,180
636151705866823848,"loadtest__sample-0__0","loadtest__sample-0__0:conreign-load-test-0_bot-2",Bot.EventsReceived,170
636151705866823848,"loadtest__sample-0__0","loadtest__sample-0__0:conreign-load-test-0_bot-2",Bot.ProcessedEvents,170
636151705867330302,"loadtest__sample-0__0","loadtest__sample-0__0:conreign-load-test-0_leader",Bot.EventsReceived,180
636151705867330302,"loadtest__sample-0__0","loadtest__sample-0__0:conreign-load-test-0_leader",Bot.ProcessedEvents,180
636151705867330302,"loadtest__sample-0__0","loadtest__sample-0__0:conreign-load-test-0_bot-3",Bot.EventsReceived,170
636151705867340358,"loadtest__sample-0__0","loadtest__sample-0__0:conreign-load-test-0_bot-3",Bot.ProcessedEvents,170
636151705867592004,"loadtest__sample-0__0","loadtest__sample-0__0:conreign-load-test-0_bot-1",Bot.EventsReceived,190
636151705868354675,"loadtest__sample-0__0","loadtest__sample-0__0:conreign-load-test-1_bot-2",Bot.EventsReceived,0
636151705868778525,"loadtest__sample-0__0","loadtest__sample-0__0:conreign-load-test-0_bot-1",Bot.ProcessedEvents,190
636151705868859408,"loadtest__sample-0__0","loadtest__sample-0__0:conreign-load-test-0_bot-2",Bot.EventsReceived,180
636151705868859408,"loadtest__sample-0__0","loadtest__sample-0__0:conreign-load-test-0_bot-2",Bot.ProcessedEvents,180
636151705870417986,"loadtest__sample-0__0","loadtest__sample-0__0:conreign-load-test-0_bot-3",Bot.EventsReceived,180
636151705870417986,"loadtest__sample-0__0","loadtest__sample-0__0:conreign-load-test-0_bot-3",Bot.ProcessedEvents,180
636151705870556216,"loadtest__sample-0__0","loadtest__sample-0__0:conreign-load-test-0_leader",Bot.EventsReceived,190
636151705870556216,"loadtest__sample-0__0","loadtest__sample-0__0:conreign-load-test-0_leader",Bot.ProcessedEvents,190
636151705870586223,"loadtest__sample-0__0","loadtest__sample-0__0:conreign-load-test-0_bot-1",Bot.EventsReceived,200
636151705871672398,"loadtest__sample-0__0","loadtest__sample-0__0:conreign-load-test-0_bot-2",Bot.EventsReceived,190
636151705871672398,"loadtest__sample-0__0","loadtest__sample-0__0:conreign-load-test-0_bot-2",Bot.ProcessedEvents,190
636151705871837067,"loadtest__sample-0__0","loadtest__sample-0__0:conreign-load-test-0_bot-1",Bot.EventsReceived,210
636151705872026979,"loadtest__sample-0__0","loadtest__sample-0__0:conreign-load-test-0_bot-3",Bot.EventsReceived,190
636151705872206993,"loadtest__sample-0__0","loadtest__sample-0__0:conreign-load-test-0_bot-1",Bot.ProcessedEvents,200
636151705872226988,"loadtest__sample-0__0","loadtest__sample-0__0:conreign-load-test-0_bot-1",Bot.ProcessedEvents,210
636151705872266998,"loadtest__sample-0__0","loadtest__sample-0__0:conreign-load-test-0_leader",Bot.EventsReceived,200
636151705872266998,"loadtest__sample-0__0","loadtest__sample-0__0:conreign-load-test-0_leader",Bot.ProcessedEvents,200
636151705873075373,"loadtest__sample-0__0","loadtest__sample-0__0:conreign-load-test-0_bot-3",Bot.ProcessedEvents,190
636151705873375388,"loadtest__sample-0__0","loadtest__sample-0__0:conreign-load-test-0_bot-1",Bot.EventsReceived,220
636151705873861885,"loadtest__sample-0__0","loadtest__sample-0__0:conreign-load-test-0_bot-2",Bot.EventsReceived,200
636151705873861885,"loadtest__sample-0__0","loadtest__sample-0__0:conreign-load-test-0_bot-2",Bot.ProcessedEvents,200
636151705874176401,"loadtest__sample-0__0","loadtest__sample-0__0:conreign-load-test-0_bot-3",Bot.EventsReceived,200
636151705874176401,"loadtest__sample-0__0","loadtest__sample-0__0:conreign-load-test-0_bot-3",Bot.ProcessedEvents,200
636151705874306676,"loadtest__sample-0__0","loadtest__sample-0__0:conreign-load-test-0_leader",Bot.EventsReceived,210
636151705874316418,"loadtest__sample-0__0","loadtest__sample-0__0:conreign-load-test-0_leader",Bot.ProcessedEvents,210
636151705874720234,"loadtest__sample-0__0","loadtest__sample-0__0:conreign-load-test-0_bot-1",Bot.ProcessedEvents,220
636151705875159565,"loadtest__sample-0__0","loadtest__sample-0__0:conreign-load-test-0_bot-1",Bot.EventsReceived,230
636151705876059071,"loadtest__sample-0__0","loadtest__sample-0__0:conreign-load-test-0_bot-2",Bot.EventsReceived,210
636151705876059071,"loadtest__sample-0__0","loadtest__sample-0__0:conreign-load-test-0_bot-2",Bot.ProcessedEvents,210
636151705876199296,"loadtest__sample-0__0","loadtest__sample-0__0:conreign-load-test-0_bot-3",Bot.EventsReceived,210
636151705876199296,"loadtest__sample-0__0","loadtest__sample-0__0:conreign-load-test-0_bot-3",Bot.ProcessedEvents,210
636151705876349079,"loadtest__sample-0__0","loadtest__sample-0__0:conreign-load-test-0_bot-1",Bot.EventsReceived,240
636151705876615722,"loadtest__sample-0__0","loadtest__sample-0__0:conreign-load-test-0_bot-1",Bot.ProcessedEvents,230
636151705876635499,"loadtest__sample-0__0","loadtest__sample-0__0:conreign-load-test-0_bot-1",Bot.ProcessedEvents,240
636151705876645499,"loadtest__sample-0__0","loadtest__sample-0__0:conreign-load-test-0_leader",Bot.EventsReceived,220
636151705876655498,"loadtest__sample-0__0","loadtest__sample-0__0:conreign-load-test-0_leader",Bot.ProcessedEvents,220
636151705878380514,"loadtest__sample-0__0","loadtest__sample-0__0:conreign-load-test-0_bot-3",Bot.EventsReceived,220
636151705878380514,"loadtest__sample-0__0","loadtest__sample-0__0:conreign-load-test-0_bot-3",Bot.ProcessedEvents,220
636151705878380514,"loadtest__sample-0__0","loadtest__sample-0__0:conreign-load-test-0_bot-2",Bot.EventsReceived,220
636151705878390510,"loadtest__sample-0__0","loadtest__sample-0__0:conreign-load-test-0_bot-2",Bot.ProcessedEvents,220
636151705878540548,"loadtest__sample-0__0","loadtest__sample-0__0:conreign-load-test-0_bot-1",Bot.EventsReceived,250
636151705878843867,"loadtest__sample-0__0","loadtest__sample-0__0:conreign-load-test-0_leader",Bot.EventsReceived,230
636151705878843867,"loadtest__sample-0__0","loadtest__sample-0__0:conreign-load-test-0_leader",Bot.ProcessedEvents,230
636151705879323944,"loadtest__sample-0__0","loadtest__sample-0__0:conreign-load-test-0_bot-1",Bot.ProcessedEvents,250
636151705879891292,"loadtest__sample-0__0","loadtest__sample-0__0:conreign-load-test-1_leader",Bot.EventsReceived,10
636151705879891292,"loadtest__sample-0__0","loadtest__sample-0__0:conreign-load-test-1_leader",Bot.ProcessedEvents,10
636151705879951292,"loadtest__sample-0__0","loadtest__sample-0__0:conreign-load-test-1_bot-1",Bot.EventsReceived,10
636151705879951292,"loadtest__sample-0__0","loadtest__sample-0__0:conreign-load-test-1_bot-1",Bot.ProcessedEvents,10
636151705881223929,"loadtest__sample-0__0","loadtest__sample-0__0:conreign-load-test-0_bot-3",Bot.EventsReceived,230
636151705881223929,"loadtest__sample-0__0","loadtest__sample-0__0:conreign-load-test-0_bot-3",Bot.ProcessedEvents,230
636151705881223929,"loadtest__sample-0__0","loadtest__sample-0__0:conreign-load-test-0_bot-2",Bot.EventsReceived,230
636151705881223929,"loadtest__sample-0__0","loadtest__sample-0__0:conreign-load-test-0_bot-2",Bot.ProcessedEvents,230
636151705881223929,"loadtest__sample-0__0","loadtest__sample-0__0:conreign-load-test-0_bot-1",Bot.EventsReceived,260
636151705881676188,"loadtest__sample-0__0","loadtest__sample-0__0:conreign-load-test-0_leader",Bot.EventsReceived,240
636151705881676188,"loadtest__sample-0__0","loadtest__sample-0__0:conreign-load-test-0_leader",Bot.ProcessedEvents,240
636151705882462855,"loadtest__sample-0__0","loadtest__sample-0__0:conreign-load-test-0_bot-1",Bot.EventsReceived,270
636151705882814821,"loadtest__sample-0__0","loadtest__sample-0__0:conreign-load-test-0_bot-3",Bot.EventsReceived,240
636151705882824816,"loadtest__sample-0__0","loadtest__sample-0__0:conreign-load-test-0_bot-2",Bot.EventsReceived,240
636151705882824816,"loadtest__sample-0__0","loadtest__sample-0__0:conreign-load-test-0_bot-2",Bot.ProcessedEvents,240
636151705883054828,"loadtest__sample-0__0","loadtest__sample-0__0:conreign-load-test-0_bot-1",Bot.ProcessedEvents,260
636151705883064819,"loadtest__sample-0__0","loadtest__sample-0__0:conreign-load-test-0_bot-1",Bot.ProcessedEvents,270
636151705886191346,"loadtest__sample-0__0","loadtest__sample-0__0:conreign-load-test-0_leader",Bot.EventsReceived,250
636151705886191346,"loadtest__sample-0__0","loadtest__sample-0__0:conreign-load-test-0_leader",Bot.ProcessedEvents,250
636151705886201416,"loadtest__sample-0__0","loadtest__sample-0__0:conreign-load-test-0_bot-3",Bot.ProcessedEvents,240
636151705886979063,"loadtest__sample-0__0","loadtest__sample-0__0:conreign-load-test-0_bot-1",Bot.EventsReceived,280
636151705887289132,"loadtest__sample-0__0","loadtest__sample-0__0:conreign-load-test-0_bot-2",Bot.EventsReceived,250
636151705887289132,"loadtest__sample-0__0","loadtest__sample-0__0:conreign-load-test-0_bot-2",Bot.ProcessedEvents,250
636151705887289132,"loadtest__sample-0__0","loadtest__sample-0__0:conreign-load-test-0_bot-3",Bot.EventsReceived,250
636151705887289132,"loadtest__sample-0__0","loadtest__sample-0__0:conreign-load-test-0_bot-3",Bot.ProcessedEvents,250
636151705887954673,"loadtest__sample-0__0","loadtest__sample-0__0:conreign-load-test-0_leader",Bot.EventsReceived,260
636151705887954673,"loadtest__sample-0__0","loadtest__sample-0__0:conreign-load-test-0_leader",Bot.ProcessedEvents,260
636151705888204636,"loadtest__sample-0__0","loadtest__sample-0__0:conreign-load-test-0_bot-1",Bot.ProcessedEvents,280
636151705888364913,"loadtest__sample-0__0","loadtest__sample-0__0:conreign-load-test-1_bot-3",Bot.EventsReceived,0
636151705889198791,"loadtest__sample-0__0","loadtest__sample-0__0:conreign-load-test-0_bot-1",Bot.EventsReceived,290
636151705889510975,"loadtest__sample-0__0","loadtest__sample-0__0:conreign-load-test-0_bot-3",Bot.EventsReceived,260
636151705889510975,"loadtest__sample-0__0","loadtest__sample-0__0:conreign-load-test-0_bot-3",Bot.ProcessedEvents,260
636151705889691033,"loadtest__sample-0__0","loadtest__sample-0__0:conreign-load-test-0_bot-2",Bot.EventsReceived,260
636151705889691033,"loadtest__sample-0__0","loadtest__sample-0__0:conreign-load-test-0_bot-2",Bot.ProcessedEvents,260
636151705890120981,"loadtest__sample-0__0","loadtest__sample-0__0:conreign-load-test-0_leader",Bot.EventsReceived,270
636151705890120981,"loadtest__sample-0__0","loadtest__sample-0__0:conreign-load-test-0_leader",Bot.ProcessedEvents,270
636151705890451000,"loadtest__sample-0__0","loadtest__sample-0__0:conreign-load-test-0_bot-1",Bot.EventsReceived,300
636151705891093660,"loadtest__sample-0__0","loadtest__sample-0__0:conreign-load-test-0_bot-3",Bot.EventsReceived,270
636151705891093660,"loadtest__sample-0__0","loadtest__sample-0__0:conreign-load-test-0_bot-3",Bot.ProcessedEvents,270
636151705891708318,"loadtest__sample-0__0","loadtest__sample-0__0:conreign-load-test-0_bot-2",Bot.EventsReceived,270
636151705891708318,"loadtest__sample-0__0","loadtest__sample-0__0:conreign-load-test-0_bot-2",Bot.ProcessedEvents,270
636151705891718319,"loadtest__sample-0__0","loadtest__sample-0__0:conreign-load-test-0_bot-1",Bot.ProcessedEvents,290
636151705891789979,"loadtest__sample-0__0","loadtest__sample-0__0:conreign-load-test-0_bot-1",Bot.ProcessedEvents,300
636151705899447725,"loadtest__sample-0__0","loadtest__sample-0__0:conreign-load-test-0_leader",Bot.EventsReceived,280
636151705899447725,"loadtest__sample-0__0","loadtest__sample-0__0:conreign-load-test-0_leader",Bot.ProcessedEvents,280
636151705899904845,"loadtest__sample-0__0","loadtest__sample-0__0:conreign-load-test-0_bot-1",Bot.EventsReceived,310
636151705899994895,"loadtest__sample-0__0","loadtest__sample-0__0:conreign-load-test-1_bot-2",Bot.EventsReceived,10
636151705899994895,"loadtest__sample-0__0","loadtest__sample-0__0:conreign-load-test-1_bot-2",Bot.ProcessedEvents,10
636151705900004847,"loadtest__sample-0__0","loadtest__sample-0__0:conreign-load-test-0_bot-3",Bot.EventsReceived,280
636151705900014847,"loadtest__sample-0__0","loadtest__sample-0__0:conreign-load-test-0_bot-3",Bot.ProcessedEvents,280
636151705900524865,"loadtest__sample-0__0","loadtest__sample-0__0:conreign-load-test-0_bot-1",Bot.ProcessedEvents,310
636151705901334891,"loadtest__sample-0__0","loadtest__sample-0__0:conreign-load-test-0_bot-2",Bot.EventsReceived,280
636151705901334891,"loadtest__sample-0__0","loadtest__sample-0__0:conreign-load-test-0_bot-2",Bot.ProcessedEvents,280
636151705901804907,"loadtest__sample-0__0","loadtest__sample-0__0:conreign-load-test-0_leader",Bot.EventsReceived,290
636151705901814905,"loadtest__sample-0__0","loadtest__sample-0__0:conreign-load-test-0_leader",Bot.ProcessedEvents,290
636151705902004918,"loadtest__sample-0__0","loadtest__sample-0__0:conreign-load-test-0_bot-3",Bot.EventsReceived,290
636151705902014552,"loadtest__sample-0__0","loadtest__sample-0__0:conreign-load-test-0_bot-3",Bot.ProcessedEvents,290
636151705902014552,"loadtest__sample-0__0","loadtest__sample-0__0:conreign-load-test-0_bot-1",Bot.EventsReceived,320
636151705903008591,"loadtest__sample-0__0","loadtest__sample-0__0:conreign-load-test-0_bot-2",Bot.EventsReceived,290
636151705903018347,"loadtest__sample-0__0","loadtest__sample-0__0:conreign-load-test-0_bot-2",Bot.ProcessedEvents,290
636151705903443233,"loadtest__sample-0__0","loadtest__sample-0__0:conreign-load-test-0_bot-3",Bot.EventsReceived,300
636151705903463229,"loadtest__sample-0__0","loadtest__sample-0__0:conreign-load-test-0_bot-1",Bot.EventsReceived,330
636151705903859533,"loadtest__sample-0__0","loadtest__sample-0__0:conreign-load-test-0_bot-1",Bot.ProcessedEvents,320
636151705904080559,"loadtest__sample-0__0","loadtest__sample-0__0:conreign-load-test-0_leader",Bot.EventsReceived,300
636151705904089539,"loadtest__sample-0__0","loadtest__sample-0__0:conreign-load-test-0_leader",Bot.ProcessedEvents,300
636151705904099540,"loadtest__sample-0__0","loadtest__sample-0__0:conreign-load-test-0_bot-3",Bot.ProcessedEvents,300
636151705905463668,"loadtest__sample-0__0","loadtest__sample-0__0:conreign-load-test-0_bot-2",Bot.EventsReceived,300
636151705905473627,"loadtest__sample-0__0","loadtest__sample-0__0:conreign-load-test-0_bot-2",Bot.ProcessedEvents,300
636151705905836654,"loadtest__sample-0__0","loadtest__sample-0__0:conreign-load-test-0_bot-1",Bot.EventsReceived,340
636151705905857416,"loadtest__sample-0__0","loadtest__sample-0__0:conreign-load-test-0_bot-3",Bot.EventsReceived,310
636151705905866251,"loadtest__sample-0__0","loadtest__sample-0__0:conreign-load-test-0_bot-3",Bot.ProcessedEvents,310
636151705906336320,"loadtest__sample-0__0","loadtest__sample-0__0:conreign-load-test-0_leader",Bot.EventsReceived,310
636151705906336320,"loadtest__sample-0__0","loadtest__sample-0__0:conreign-load-test-0_leader",Bot.ProcessedEvents,310
636151705906656573,"loadtest__sample-0__0","loadtest__sample-0__0:conreign-load-test-0_bot-1",Bot.ProcessedEvents,330
636151705906666325,"loadtest__sample-0__0","loadtest__sample-0__0:conreign-load-test-0_bot-1",Bot.ProcessedEvents,340
636151705907216617,"loadtest__sample-0__0","loadtest__sample-0__0:conreign-load-test-1_leader",Bot.EventsReceived,20
636151705907326356,"loadtest__sample-0__0","loadtest__sample-0__0:conreign-load-test-1_bot-3",Bot.EventsReceived,10
636151705907796373,"loadtest__sample-0__0","loadtest__sample-0__0:conreign-load-test-1_bot-1",Bot.EventsReceived,20
636151705907796373,"loadtest__sample-0__0","loadtest__sample-0__0:conreign-load-test-1_bot-1",Bot.ProcessedEvents,20
636151705907816370,"loadtest__sample-0__0","loadtest__sample-0__0:conreign-load-test-1_bot-3",Bot.ProcessedEvents,10
636151705907956375,"loadtest__sample-0__0","loadtest__sample-0__0:conreign-load-test-0_bot-1",Bot.EventsReceived,350
636151705913731076,"loadtest__sample-0__0","loadtest__sample-0__0:conreign-load-test-0_bot-3",Bot.EventsReceived,320
636151705913751133,"loadtest__sample-0__0","loadtest__sample-0__0:conreign-load-test-0_bot-3",Bot.ProcessedEvents,320
636151705913761134,"loadtest__sample-0__0","loadtest__sample-0__0:conreign-load-test-0_leader",Bot.EventsReceived,320
636151705913951143,"loadtest__sample-0__0","loadtest__sample-0__0:conreign-load-test-0_leader",Bot.ProcessedEvents,320
636151705914041143,"loadtest__sample-0__0","loadtest__sample-0__0:conreign-load-test-0_bot-1",Bot.EventsReceived,360
636151705914071146,"loadtest__sample-0__0","loadtest__sample-0__0:conreign-load-test-0_bot-2",Bot.EventsReceived,310
636151705914091144,"loadtest__sample-0__0","loadtest__sample-0__0:conreign-load-test-0_bot-2",Bot.ProcessedEvents,310
636151705914121214,"loadtest__sample-0__0","loadtest__sample-0__0:conreign-load-test-0_bot-1",Bot.ProcessedEvents,350
636151705914193347,"loadtest__sample-0__0","loadtest__sample-0__0:conreign-load-test-0_bot-1",Bot.ProcessedEvents,360
636151705914221150,"loadtest__sample-0__0","loadtest__sample-0__0:conreign-load-test-1_leader",Bot.ProcessedEvents,20
636151705914361361,"loadtest__sample-0__0","loadtest__sample-0__0:conreign-load-test-1_bot-2",Bot.EventsReceived,20
636151705914551201,"loadtest__sample-0__0","loadtest__sample-0__0:conreign-load-test-1_bot-2",Bot.ProcessedEvents,20
636151705915461194,"loadtest__sample-0__0","loadtest__sample-0__0:conreign-load-test-1_leader",Bot.EventsReceived,30
636151705915802401,"loadtest__sample-0__0","loadtest__sample-0__0:conreign-load-test-0_bot-3",Bot.EventsReceived,330
636151705915802401,"loadtest__sample-0__0","loadtest__sample-0__0:conreign-load-test-0_bot-3",Bot.ProcessedEvents,330
636151705915812403,"loadtest__sample-0__0","loadtest__sample-0__0:conreign-load-test-0_bot-2",Bot.EventsReceived,320
636151705915812403,"loadtest__sample-0__0","loadtest__sample-0__0:conreign-load-test-0_bot-2",Bot.ProcessedEvents,320
636151705915882397,"loadtest__sample-0__0","loadtest__sample-0__0:conreign-load-test-1_bot-1",Bot.EventsReceived,30
636151705915902407,"loadtest__sample-0__0","loadtest__sample-0__0:conreign-load-test-1_bot-3",Bot.EventsReceived,20
636151705915912406,"loadtest__sample-0__0","loadtest__sample-0__0:conreign-load-test-1_bot-3",Bot.ProcessedEvents,20
636151705916002408,"loadtest__sample-0__0","loadtest__sample-0__0:conreign-load-test-0_leader",Bot.EventsReceived,330
636151705916002408,"loadtest__sample-0__0","loadtest__sample-0__0:conreign-load-test-0_leader",Bot.ProcessedEvents,330
636151705916082408,"loadtest__sample-0__0","loadtest__sample-0__0:conreign-load-test-1_leader",Bot.ProcessedEvents,30
636151705916102414,"loadtest__sample-0__0","loadtest__sample-0__0:conreign-load-test-0_bot-1",Bot.EventsReceived,370
636151705916772434,"loadtest__sample-0__0","loadtest__sample-0__0:conreign-load-test-1_bot-1",Bot.ProcessedEvents,30
636151705916862433,"loadtest__sample-0__0","loadtest__sample-0__0:conreign-load-test-0_bot-1",Bot.ProcessedEvents,370
636151705917012583,"loadtest__sample-0__0","loadtest__sample-0__0:conreign-load-test-1_bot-2",Bot.EventsReceived,30
636151705917032447,"loadtest__sample-0__0","loadtest__sample-0__0:conreign-load-test-0_bot-3",Bot.EventsReceived,340
636151705917152445,"loadtest__sample-0__0","loadtest__sample-0__0:conreign-load-test-0_bot-3",Bot.ProcessedEvents,340
636151705917356012,"loadtest__sample-0__0","loadtest__sample-0__0:conreign-load-test-1_leader",Bot.EventsReceived,40
636151705917362480,"loadtest__sample-0__0","loadtest__sample-0__0:conreign-load-test-1_leader",Bot.ProcessedEvents,40
636151705917512456,"loadtest__sample-0__0","loadtest__sample-0__0:conreign-load-test-1_bot-3",Bot.EventsReceived,30
636151705917582549,"loadtest__sample-0__0","loadtest__sample-0__0:conreign-load-test-0_bot-2",Bot.EventsReceived,330
636151705917582549,"loadtest__sample-0__0","loadtest__sample-0__0:conreign-load-test-0_bot-2",Bot.ProcessedEvents,330
636151705917752473,"loadtest__sample-0__0","loadtest__sample-0__0:conreign-load-test-1_bot-2",Bot.ProcessedEvents,30
636151705918022475,"loadtest__sample-0__0","loadtest__sample-0__0:conreign-load-test-0_leader",Bot.EventsReceived,340
636151705918032474,"loadtest__sample-0__0","loadtest__sample-0__0:conreign-load-test-0_leader",Bot.ProcessedEvents,340
636151705918072482,"loadtest__sample-0__0","loadtest__sample-0__0:conreign-load-test-0_bot-1",Bot.EventsReceived,380
636151705918512493,"loadtest__sample-0__0","loadtest__sample-0__0:conreign-load-test-0_bot-3",Bot.EventsReceived,350
636151705918582491,"loadtest__sample-0__0","loadtest__sample-0__0:conreign-load-test-0_bot-3",Bot.ProcessedEvents,350
636151705918602496,"loadtest__sample-0__0","loadtest__sample-0__0:conreign-load-test-1_bot-1",Bot.EventsReceived,40
636151705918682497,"loadtest__sample-0__0","loadtest__sample-0__0:conreign-load-test-1_bot-3",Bot.ProcessedEvents,30
636151705918692625,"loadtest__sample-0__0","loadtest__sample-0__0:conreign-load-test-1_bot-1",Bot.ProcessedEvents,40
636151705918902495,"loadtest__sample-0__0","loadtest__sample-0__0:conreign-load-test-0_bot-2",Bot.EventsReceived,340
636151705918902495,"loadtest__sample-0__0","loadtest__sample-0__0:conreign-load-test-0_bot-2",Bot.ProcessedEvents,340
636151705919142513,"loadtest__sample-0__0","loadtest__sample-0__0:conreign-load-test-1_bot-2",Bot.EventsReceived,40
636151705919432511,"loadtest__sample-0__0","loadtest__sample-0__0:conreign-load-test-0_bot-1",Bot.ProcessedEvents,380
636151705919527835,"loadtest__sample-0__0","loadtest__sample-0__0:conreign-load-test-1_leader",Bot.EventsReceived,50
636151705919762582,"loadtest__sample-0__0","loadtest__sample-0__0:conreign-load-test-0_bot-1",Bot.EventsReceived,390
636151705919772530,"loadtest__sample-0__0","loadtest__sample-0__0:conreign-load-test-1_bot-3",Bot.EventsReceived,40
636151705919772530,"loadtest__sample-0__0","loadtest__sample-0__0:conreign-load-test-1_bot-2",Bot.ProcessedEvents,40
636151705920242752,"loadtest__sample-0__0","loadtest__sample-0__0:conreign-load-test-0_leader",Bot.EventsReceived,350
636151705920442578,"loadtest__sample-0__0","loadtest__sample-0__0:conreign-load-test-0_leader",Bot.ProcessedEvents,350
636151705920442578,"loadtest__sample-0__0","loadtest__sample-0__0:conreign-load-test-0_bot-3",Bot.EventsReceived,360
636151705920453412,"loadtest__sample-0__0","loadtest__sample-0__0:conreign-load-test-0_bot-3",Bot.ProcessedEvents,360
636151705920622550,"loadtest__sample-0__0","loadtest__sample-0__0:conreign-load-test-1_leader",Bot.ProcessedEvents,50
636151705920632562,"loadtest__sample-0__0","loadtest__sample-0__0:conreign-load-test-1_bot-1",Bot.EventsReceived,50
636151705920722562,"loadtest__sample-0__0","loadtest__sample-0__0:conreign-load-test-1_bot-1",Bot.ProcessedEvents,50
636151705920722562,"loadtest__sample-0__0","loadtest__sample-0__0:conreign-load-test-1_bot-3",Bot.ProcessedEvents,40
636151705921012571,"loadtest__sample-0__0","loadtest__sample-0__0:conreign-load-test-0_bot-1",Bot.EventsReceived,400
636151705921012571,"loadtest__sample-0__0","loadtest__sample-0__0:conreign-load-test-0_bot-2",Bot.EventsReceived,350
636151705921012571,"loadtest__sample-0__0","loadtest__sample-0__0:conreign-load-test-0_bot-2",Bot.ProcessedEvents,350
636151705921032571,"loadtest__sample-0__0","loadtest__sample-0__0:conreign-load-test-1_bot-2",Bot.EventsReceived,50
636151705921242578,"loadtest__sample-0__0","loadtest__sample-0__0:conreign-load-test-0_bot-3",Bot.EventsReceived,370
636151705921242578,"loadtest__sample-0__0","loadtest__sample-0__0:conreign-load-test-0_bot-3",Bot.ProcessedEvents,370
636151705921322583,"loadtest__sample-0__0","loadtest__sample-0__0:conreign-load-test-0_leader",Bot.EventsReceived,360
636151705921322583,"loadtest__sample-0__0","loadtest__sample-0__0:conreign-load-test-0_leader",Bot.ProcessedEvents,360
636151705921322583,"loadtest__sample-0__0","loadtest__sample-0__0:conreign-load-test-1_leader",Bot.EventsReceived,60
636151705921332625,"loadtest__sample-0__0","loadtest__sample-0__0:conreign-load-test-1_bot-2",Bot.ProcessedEvents,50
636151705921932597,"loadtest__sample-0__0","loadtest__sample-0__0:conreign-load-test-0_bot-1",Bot.ProcessedEvents,390
636151705921942599,"loadtest__sample-0__0","loadtest__sample-0__0:conreign-load-test-0_bot-1",Bot.ProcessedEvents,400
636151705922232607,"loadtest__sample-0__0","loadtest__sample-0__0:conreign-load-test-1_bot-3",Bot.EventsReceived,50
636151705922462688,"loadtest__sample-0__0","loadtest__sample-0__0:conreign-load-test-1_leader",Bot.ProcessedEvents,60
636151705922652622,"loadtest__sample-0__0","loadtest__sample-0__0:conreign-load-test-1_bot-1",Bot.EventsReceived,60
636151705922732624,"loadtest__sample-0__0","loadtest__sample-0__0:conreign-load-test-1_bot-1",Bot.ProcessedEvents,60
636151705922742646,"loadtest__sample-0__0","loadtest__sample-0__0:conreign-load-test-1_bot-3",Bot.ProcessedEvents,50
636151705922843399,"loadtest__sample-0__0","loadtest__sample-0__0:conreign-load-test-1_bot-2",Bot.EventsReceived,60
636151705923110659,"loadtest__sample-0__0","loadtest__sample-0__0:conreign-load-test-1_leader",Bot.EventsReceived,70
636151705923110659,"loadtest__sample-0__0","loadtest__sample-0__0:conreign-load-test-1_leader",Bot.ProcessedEvents,70
636151705923168309,"loadtest__sample-0__0","loadtest__sample-0__0:conreign-load-test-0_bot-1",Bot.EventsReceived,410
636151705923268367,"loadtest__sample-0__0","loadtest__sample-0__0:conreign-load-test-1_bot-3",Bot.EventsReceived,60
636151705923388370,"loadtest__sample-0__0","loadtest__sample-0__0:conreign-load-test-0_bot-2",Bot.EventsReceived,360
636151705923388370,"loadtest__sample-0__0","loadtest__sample-0__0:conreign-load-test-0_bot-2",Bot.ProcessedEvents,360
636151705923398375,"loadtest__sample-0__0","loadtest__sample-0__0:conreign-load-test-1_bot-2",Bot.ProcessedEvents,60
636151705923488372,"loadtest__sample-0__0","loadtest__sample-0__0:conreign-load-test-0_bot-3",Bot.EventsReceived,380
636151705923498375,"loadtest__sample-0__0","loadtest__sample-0__0:conreign-load-test-0_bot-3",Bot.ProcessedEvents,380
636151705923728426,"loadtest__sample-0__0","loadtest__sample-0__0:conreign-load-test-0_leader",Bot.EventsReceived,370
636151705923728426,"loadtest__sample-0__0","loadtest__sample-0__0:conreign-load-test-0_leader",Bot.ProcessedEvents,370
636151705924038392,"loadtest__sample-0__0","loadtest__sample-0__0:conreign-load-test-0_bot-1",Bot.EventsReceived,420
636151705926772444,"loadtest__sample-0__0","loadtest__sample-0__0:conreign-load-test-1_leader",Bot.EventsReceived,80
636151705926861456,"loadtest__sample-0__0","loadtest__sample-0__0:conreign-load-test-1_bot-1",Bot.EventsReceived,70
636151705926872442,"loadtest__sample-0__0","loadtest__sample-0__0:conreign-load-test-1_bot-1",Bot.EventsReceived,80
636151705926872442,"loadtest__sample-0__0","loadtest__sample-0__0:conreign-load-test-1_bot-2",Bot.EventsReceived,70
636151705926892443,"loadtest__sample-0__0","loadtest__sample-0__0:conreign-load-test-1_bot-3",Bot.ProcessedEvents,60
636151705926961339,"loadtest__sample-0__0","loadtest__sample-0__0:conreign-load-test-1_bot-3",Bot.EventsReceived,70
636151705926982448,"loadtest__sample-0__0","loadtest__sample-0__0:conreign-load-test-0_bot-1",Bot.ProcessedEvents,410
636151705926992452,"loadtest__sample-0__0","loadtest__sample-0__0:conreign-load-test-0_bot-1",Bot.ProcessedEvents,420
636151705927082444,"loadtest__sample-0__0","loadtest__sample-0__0:conreign-load-test-1_leader",Bot.ProcessedEvents,80
636151705927092450,"loadtest__sample-0__0","loadtest__sample-0__0:conreign-load-test-1_bot-1",Bot.ProcessedEvents,70
636151705927125686,"loadtest__sample-0__0","loadtest__sample-0__0:conreign-load-test-1_bot-2",Bot.ProcessedEvents,70
636151705927162457,"loadtest__sample-0__0","loadtest__sample-0__0:conreign-load-test-1_bot-3",Bot.ProcessedEvents,70
636151705928582505,"loadtest__sample-0__0","loadtest__sample-0__0:conreign-load-test-1_bot-2",Bot.EventsReceived,80
636151705928602501,"loadtest__sample-0__0","loadtest__sample-0__0:conreign-load-test-0_bot-3",Bot.EventsReceived,390
636151705928669704,"loadtest__sample-0__0","loadtest__sample-0__0:conreign-load-test-0_bot-2",Bot.EventsReceived,370
636151705928672498,"loadtest__sample-0__0","loadtest__sample-0__0:conreign-load-test-0_bot-2",Bot.ProcessedEvents,370
636151705928682505,"loadtest__sample-0__0","loadtest__sample-0__0:conreign-load-test-1_leader",Bot.EventsReceived,90
636151705928692505,"loadtest__sample-0__0","loadtest__sample-0__0:conreign-load-test-1_leader",Bot.ProcessedEvents,90
636151705928772503,"loadtest__sample-0__0","loadtest__sample-0__0:conreign-load-test-1_bot-2",Bot.ProcessedEvents,80
636151705928782503,"loadtest__sample-0__0","loadtest__sample-0__0:conreign-load-test-0_leader",Bot.EventsReceived,380
636151705928792504,"loadtest__sample-0__0","loadtest__sample-0__0:conreign-load-test-0_leader",Bot.ProcessedEvents,380
636151705928792504,"loadtest__sample-0__0","loadtest__sample-0__0:conreign-load-test-0_bot-3",Bot.ProcessedEvents,390
636151705928882513,"loadtest__sample-0__0","loadtest__sample-0__0:conreign-load-test-1_bot-3",Bot.EventsReceived,80
636151705928882513,"loadtest__sample-0__0","loadtest__sample-0__0:conreign-load-test-1_bot-3",Bot.ProcessedEvents,80
636151705929292527,"loadtest__sample-0__0","loadtest__sample-0__0:conreign-load-test-0_bot-1",Bot.EventsReceived,430
636151705929392526,"loadtest__sample-0__0","loadtest__sample-0__0:conreign-load-test-1_bot-1",Bot.EventsReceived,90
636151705929461605,"loadtest__sample-0__0","loadtest__sample-0__0:conreign-load-test-1_bot-1",Bot.ProcessedEvents,80
636151705929482533,"loadtest__sample-0__0","loadtest__sample-0__0:conreign-load-test-0_bot-3",Bot.EventsReceived,400
636151705929482533,"loadtest__sample-0__0","loadtest__sample-0__0:conreign-load-test-0_bot-3",Bot.ProcessedEvents,400
636151705929792545,"loadtest__sample-0__0","loadtest__sample-0__0:conreign-load-test-0_bot-2",Bot.EventsReceived,380
636151705929792545,"loadtest__sample-0__0","loadtest__sample-0__0:conreign-load-test-0_bot-2",Bot.ProcessedEvents,380
636151705930212555,"loadtest__sample-0__0","loadtest__sample-0__0:conreign-load-test-0_bot-1",Bot.EventsReceived,440
636151705930293466,"loadtest__sample-0__0","loadtest__sample-0__0:conreign-load-test-1_bot-1",Bot.ProcessedEvents,90
636151705930322803,"loadtest__sample-0__0","loadtest__sample-0__0:conreign-load-test-1_bot-2",Bot.EventsReceived,90
636151705930432552,"loadtest__sample-0__0","loadtest__sample-0__0:conreign-load-test-0_leader",Bot.EventsReceived,390
636151705930442564,"loadtest__sample-0__0","loadtest__sample-0__0:conreign-load-test-0_leader",Bot.ProcessedEvents,390
636151705930462561,"loadtest__sample-0__0","loadtest__sample-0__0:conreign-load-test-0_bot-1",Bot.ProcessedEvents,430
636151705930812568,"loadtest__sample-0__0","loadtest__sample-0__0:conreign-load-test-1_leader",Bot.EventsReceived,100
636151705930878233,"loadtest__sample-0__0","loadtest__sample-0__0:conreign-load-test-1_leader",Bot.ProcessedEvents,100
636151705930892573,"loadtest__sample-0__0","loadtest__sample-0__0:conreign-load-test-1_bot-3",Bot.EventsReceived,90
636151705930902571,"loadtest__sample-0__0","loadtest__sample-0__0:conreign-load-test-1_bot-3",Bot.ProcessedEvents,90
636151705931282592,"loadtest__sample-0__0","loadtest__sample-0__0:conreign-load-test-1_bot-1",Bot.EventsReceived,100
636151705931312587,"loadtest__sample-0__0","loadtest__sample-0__0:conreign-load-test-1_bot-2",Bot.ProcessedEvents,90
636151705931732602,"loadtest__sample-0__0","loadtest__sample-0__0:conreign-load-test-0_bot-3",Bot.EventsReceived,410
636151705931732602,"loadtest__sample-0__0","loadtest__sample-0__0:conreign-load-test-0_bot-3",Bot.ProcessedEvents,410
636151705931812601,"loadtest__sample-0__0","loadtest__sample-0__0:conreign-load-test-0_bot-2",Bot.EventsReceived,390
636151705931822603,"loadtest__sample-0__0","loadtest__sample-0__0:conreign-load-test-0_bot-2",Bot.ProcessedEvents,390
636151705931962611,"loadtest__sample-0__0","loadtest__sample-0__0:conreign-load-test-0_bot-1",Bot.EventsReceived,450
636151705932002619,"loadtest__sample-0__0","loadtest__sample-0__0:conreign-load-test-1_bot-2",Bot.EventsReceived,100
636151705932032951,"loadtest__sample-0__0","loadtest__sample-0__0:conreign-load-test-1_bot-1",Bot.ProcessedEvents,100
636151705932105707,"loadtest__sample-0__0","loadtest__sample-0__0:conreign-load-test-0_leader",Bot.EventsReceived,400
636151705932105707,"loadtest__sample-0__0","loadtest__sample-0__0:conreign-load-test-0_leader",Bot.ProcessedEvents,400
636151705932552629,"loadtest__sample-0__0","loadtest__sample-0__0:conreign-load-test-1_leader",Bot.EventsReceived,110
636151705932552629,"loadtest__sample-0__0","loadtest__sample-0__0:conreign-load-test-1_leader",Bot.ProcessedEvents,110
636151705932682635,"loadtest__sample-0__0","loadtest__sample-0__0:conreign-load-test-1_bot-3",Bot.EventsReceived,100
636151705932682635,"loadtest__sample-0__0","loadtest__sample-0__0:conreign-load-test-1_bot-3",Bot.ProcessedEvents,100
636151705932692813,"loadtest__sample-0__0","loadtest__sample-0__0:conreign-load-test-0_bot-1",Bot.ProcessedEvents,440
636151705932772635,"loadtest__sample-0__0","loadtest__sample-0__0:conreign-load-test-0_bot-1",Bot.ProcessedEvents,450
636151705932862633,"loadtest__sample-0__0","loadtest__sample-0__0:conreign-load-test-0_bot-3",Bot.EventsReceived,420
636151705932872641,"loadtest__sample-0__0","loadtest__sample-0__0:conreign-load-test-1_bot-1",Bot.EventsReceived,110
636151705932872641,"loadtest__sample-0__0","loadtest__sample-0__0:conreign-load-test-1_bot-1",Bot.ProcessedEvents,110
636151705933242649,"loadtest__sample-0__0","loadtest__sample-0__0:conreign-load-test-1_bot-2",Bot.EventsReceived,110
636151705933682750,"loadtest__sample-0__0","loadtest__sample-0__0:conreign-load-test-0_bot-3",Bot.ProcessedEvents,420
636151705933832667,"loadtest__sample-0__0","loadtest__sample-0__0:conreign-load-test-0_bot-2",Bot.EventsReceived,400
636151705933832667,"loadtest__sample-0__0","loadtest__sample-0__0:conreign-load-test-0_bot-2",Bot.ProcessedEvents,400
636151705933832667,"loadtest__sample-0__0","loadtest__sample-0__0:conreign-load-test-0_bot-1",Bot.EventsReceived,460
636151705933902655,"loadtest__sample-0__0","loadtest__sample-0__0:conreign-load-test-1_bot-2",Bot.ProcessedEvents,100
636151705933912670,"loadtest__sample-0__0","loadtest__sample-0__0:conreign-load-test-1_bot-2",Bot.ProcessedEvents,110
636151705934152930,"loadtest__sample-0__0","loadtest__sample-0__0:conreign-load-test-0_leader",Bot.EventsReceived,410
636151705934152930,"loadtest__sample-0__0","loadtest__sample-0__0:conreign-load-test-0_leader",Bot.ProcessedEvents,410
636151705934332687,"loadtest__sample-0__0","loadtest__sample-0__0:conreign-load-test-1_leader",Bot.EventsReceived,120
636151705934342707,"loadtest__sample-0__0","loadtest__sample-0__0:conreign-load-test-1_leader",Bot.ProcessedEvents,120
636151705934492691,"loadtest__sample-0__0","loadtest__sample-0__0:conreign-load-test-0_bot-1",Bot.EventsReceived,470
636151705934812744,"loadtest__sample-0__0","loadtest__sample-0__0:conreign-load-test-0_bot-1",Bot.ProcessedEvents,460
636151705934822701,"loadtest__sample-0__0","loadtest__sample-0__0:conreign-load-test-0_bot-1",Bot.ProcessedEvents,470
636151705935042704,"loadtest__sample-0__0","loadtest__sample-0__0:conreign-load-test-1_bot-3",Bot.EventsReceived,110
636151705935042704,"loadtest__sample-0__0","loadtest__sample-0__0:conreign-load-test-1_bot-3",Bot.ProcessedEvents,110
636151705935082708,"loadtest__sample-0__0","loadtest__sample-0__0:conreign-load-test-1_bot-1",Bot.EventsReceived,120
636151705935082708,"loadtest__sample-0__0","loadtest__sample-0__0:conreign-load-test-1_bot-1",Bot.ProcessedEvents,120
636151705935372716,"loadtest__sample-0__0","loadtest__sample-0__0:conreign-load-test-1_bot-2",Bot.EventsReceived,120
636151705935622726,"loadtest__sample-0__0","loadtest__sample-0__0:conreign-load-test-0_bot-3",Bot.EventsReceived,430
636151705935703557,"loadtest__sample-0__0","loadtest__sample-0__0:conreign-load-test-0_bot-3",Bot.ProcessedEvents,430
636151705935703557,"loadtest__sample-0__0","loadtest__sample-0__0:conreign-load-test-1_leader",Bot.EventsReceived,130
636151705935713301,"loadtest__sample-0__0","loadtest__sample-0__0:conreign-load-test-1_leader",Bot.ProcessedEvents,130
636151705936182830,"loadtest__sample-0__0","loadtest__sample-0__0:conreign-load-test-0_bot-2",Bot.EventsReceived,410
636151705936182830,"loadtest__sample-0__0","loadtest__sample-0__0:conreign-load-test-0_bot-2",Bot.ProcessedEvents,410
636151705936259017,"loadtest__sample-0__0","loadtest__sample-0__0:conreign-load-test-1_bot-3",Bot.EventsReceived,120
636151705936272745,"loadtest__sample-0__0","loadtest__sample-0__0:conreign-load-test-1_bot-2",Bot.ProcessedEvents,120
636151705936372751,"loadtest__sample-0__0","loadtest__sample-0__0:conreign-load-test-0_bot-1",Bot.EventsReceived,480
636151705936382742,"loadtest__sample-0__0","loadtest__sample-0__0:conreign-load-test-0_leader",Bot.EventsReceived,420
636151705936382742,"loadtest__sample-0__0","loadtest__sample-0__0:conreign-load-test-0_leader",Bot.ProcessedEvents,420
636151705936582755,"loadtest__sample-0__0","loadtest__sample-0__0:conreign-load-test-1_bot-1",Bot.EventsReceived,130
636151705936592757,"loadtest__sample-0__0","loadtest__sample-0__0:conreign-load-test-0_bot-3",Bot.EventsReceived,440
636151705936592757,"loadtest__sample-0__0","loadtest__sample-0__0:conreign-load-test-0_bot-3",Bot.ProcessedEvents,440
636151705936592757,"loadtest__sample-0__0","loadtest__sample-0__0:conreign-load-test-1_bot-1",Bot.ProcessedEvents,130
636151705936976318,"loadtest__sample-0__0","loadtest__sample-0__0:conreign-load-test-1_bot-3",Bot.ProcessedEvents,120
636151705937012776,"loadtest__sample-0__0","loadtest__sample-0__0:conreign-load-test-0_bot-1",Bot.ProcessedEvents,480
636151705937102771,"loadtest__sample-0__0","loadtest__sample-0__0:conreign-load-test-0_bot-2",Bot.EventsReceived,420
636151705937112773,"loadtest__sample-0__0","loadtest__sample-0__0:conreign-load-test-0_bot-2",Bot.ProcessedEvents,420
636151705937592778,"loadtest__sample-0__0","loadtest__sample-0__0:conreign-load-test-0_bot-1",Bot.EventsReceived,490
636151705937612788,"loadtest__sample-0__0","loadtest__sample-0__0:conreign-load-test-1_bot-2",Bot.EventsReceived,130
636151705937952806,"loadtest__sample-0__0","loadtest__sample-0__0:conreign-load-test-1_leader",Bot.EventsReceived,140
636151705937952806,"loadtest__sample-0__0","loadtest__sample-0__0:conreign-load-test-1_leader",Bot.ProcessedEvents,140
636151705937982801,"loadtest__sample-0__0","loadtest__sample-0__0:conreign-load-test-0_leader",Bot.EventsReceived,430
636151705937982801,"loadtest__sample-0__0","loadtest__sample-0__0:conreign-load-test-0_leader",Bot.ProcessedEvents,430
636151705938002803,"loadtest__sample-0__0","loadtest__sample-0__0:conreign-load-test-1_bot-1",Bot.EventsReceived,140
636151705938002803,"loadtest__sample-0__0","loadtest__sample-0__0:conreign-load-test-1_bot-1",Bot.ProcessedEvents,140
636151705938012805,"loadtest__sample-0__0","loadtest__sample-0__0:conreign-load-test-1_bot-3",Bot.EventsReceived,130
636151705938012805,"loadtest__sample-0__0","loadtest__sample-0__0:conreign-load-test-1_bot-3",Bot.ProcessedEvents,130
636151705939072396,"loadtest__sample-0__0","loadtest__sample-0__0:conreign-load-test-0_bot-2",Bot.EventsReceived,430
636151705939082393,"loadtest__sample-0__0","loadtest__sample-0__0:conreign-load-test-0_bot-2",Bot.ProcessedEvents,430
636151705939148126,"loadtest__sample-0__0","loadtest__sample-0__0:conreign-load-test-0_bot-3",Bot.EventsReceived,450
636151705939152393,"loadtest__sample-0__0","loadtest__sample-0__0:conreign-load-test-0_bot-3",Bot.ProcessedEvents,450
636151705939162394,"loadtest__sample-0__0","loadtest__sample-0__0:conreign-load-test-0_bot-1",Bot.EventsReceived,500
636151705939252397,"loadtest__sample-0__0","loadtest__sample-0__0:conreign-load-test-1_bot-2",Bot.EventsReceived,140
636151705939262398,"loadtest__sample-0__0","loadtest__sample-0__0:conreign-load-test-1_bot-2",Bot.ProcessedEvents,130
636151705939443831,"loadtest__sample-0__0","loadtest__sample-0__0:conreign-load-test-0_bot-1",Bot.EventsReceived,510
636151705939612435,"loadtest__sample-0__0","loadtest__sample-0__0:conreign-load-test-0_leader",Bot.EventsReceived,440
636151705939622418,"loadtest__sample-0__0","loadtest__sample-0__0:conreign-load-test-0_leader",Bot.ProcessedEvents,440
636151705939632409,"loadtest__sample-0__0","loadtest__sample-0__0:conreign-load-test-0_bot-1",Bot.ProcessedEvents,490
636151705939642411,"loadtest__sample-0__0","loadtest__sample-0__0:conreign-load-test-0_bot-1",Bot.ProcessedEvents,500
636151705940592510,"loadtest__sample-0__0","loadtest__sample-0__0:conreign-load-test-1_bot-2",Bot.ProcessedEvents,140
636151705940613128,"loadtest__sample-0__0","loadtest__sample-0__0:conreign-load-test-1_leader",Bot.EventsReceived,150
636151705940613128,"loadtest__sample-0__0","loadtest__sample-0__0:conreign-load-test-1_leader",Bot.ProcessedEvents,150
636151705941072459,"loadtest__sample-0__0","loadtest__sample-0__0:conreign-load-test-1_bot-3",Bot.EventsReceived,140
636151705941233453,"loadtest__sample-0__0","loadtest__sample-0__0:conreign-load-test-1_bot-1",Bot.EventsReceived,150
636151705941242463,"loadtest__sample-0__0","loadtest__sample-0__0:conreign-load-test-1_bot-1",Bot.ProcessedEvents,150
636151705941262465,"loadtest__sample-0__0","loadtest__sample-0__0:conreign-load-test-1_bot-2",Bot.EventsReceived,150
636151705941352469,"loadtest__sample-0__0","loadtest__sample-0__0:conreign-load-test-1_bot-2",Bot.ProcessedEvents,150
636151705941429254,"loadtest__sample-0__0","loadtest__sample-0__0:conreign-load-test-0_bot-3",Bot.EventsReceived,460
636151705941432466,"loadtest__sample-0__0","loadtest__sample-0__0:conreign-load-test-0_bot-3",Bot.ProcessedEvents,460
636151705941432466,"loadtest__sample-0__0","loadtest__sample-0__0:conreign-load-test-0_bot-1",Bot.EventsReceived,520
636151705941542474,"loadtest__sample-0__0","loadtest__sample-0__0:conreign-load-test-1_bot-3",Bot.ProcessedEvents,140
636151705942082490,"loadtest__sample-0__0","loadtest__sample-0__0:conreign-load-test-0_bot-1",Bot.EventsReceived,530
636151705942092485,"loadtest__sample-0__0","loadtest__sample-0__0:conreign-load-test-0_bot-2",Bot.EventsReceived,440
636151705942102490,"loadtest__sample-0__0","loadtest__sample-0__0:conreign-load-test-0_bot-2",Bot.ProcessedEvents,440
636151705942172485,"loadtest__sample-0__0","loadtest__sample-0__0:conreign-load-test-0_leader",Bot.EventsReceived,450
636151705942172485,"loadtest__sample-0__0","loadtest__sample-0__0:conreign-load-test-0_leader",Bot.ProcessedEvents,450
636151705942542549,"loadtest__sample-0__0","loadtest__sample-0__0:conreign-load-test-0_bot-1",Bot.ProcessedEvents,510
636151705942624848,"loadtest__sample-0__0","loadtest__sample-0__0:conreign-load-test-0_bot-1",Bot.ProcessedEvents,520
636151705942642503,"loadtest__sample-0__0","loadtest__sample-0__0:conreign-load-test-0_bot-1",Bot.ProcessedEvents,530
636151705942652509,"loadtest__sample-0__0","loadtest__sample-0__0:conreign-load-test-1_leader",Bot.EventsReceived,160
636151705942652509,"loadtest__sample-0__0","loadtest__sample-0__0:conreign-load-test-1_leader",Bot.ProcessedEvents,160
636151705943182546,"loadtest__sample-0__0","loadtest__sample-0__0:conreign-load-test-0_bot-3",Bot.EventsReceived,470
636151705943192526,"loadtest__sample-0__0","loadtest__sample-0__0:conreign-load-test-0_bot-3",Bot.ProcessedEvents,470
636151705943302522,"loadtest__sample-0__0","loadtest__sample-0__0:conreign-load-test-1_bot-3",Bot.EventsReceived,150
636151705943392742,"loadtest__sample-0__0","loadtest__sample-0__0:conreign-load-test-1_bot-1",Bot.EventsReceived,160
636151705943402529,"loadtest__sample-0__0","loadtest__sample-0__0:conreign-load-test-1_bot-1",Bot.ProcessedEvents,160
636151705943412528,"loadtest__sample-0__0","loadtest__sample-0__0:conreign-load-test-0_bot-1",Bot.EventsReceived,540
636151705943662543,"loadtest__sample-0__0","loadtest__sample-0__0:conreign-load-test-1_bot-2",Bot.EventsReceived,160
636151705943662543,"loadtest__sample-0__0","loadtest__sample-0__0:conreign-load-test-1_bot-3",Bot.ProcessedEvents,150
636151705944338857,"loadtest__sample-0__0","loadtest__sample-0__0:conreign-load-test-0_bot-1",Bot.ProcessedEvents,540
636151705944562945,"loadtest__sample-0__0","loadtest__sample-0__0:conreign-load-test-0_bot-1",Bot.EventsReceived,550
636151705944562945,"loadtest__sample-0__0","loadtest__sample-0__0:conreign-load-test-0_bot-2",Bot.EventsReceived,450
636151705944572945,"loadtest__sample-0__0","loadtest__sample-0__0:conreign-load-test-0_bot-2",Bot.ProcessedEvents,450
636151705944704869,"loadtest__sample-0__0","loadtest__sample-0__0:conreign-load-test-1_bot-2",Bot.ProcessedEvents,160
636151705944844871,"loadtest__sample-0__0","loadtest__sample-0__0:conreign-load-test-1_bot-3",Bot.EventsReceived,160
636151705944879429,"loadtest__sample-0__0","loadtest__sample-0__0:conreign-load-test-1_leader",Bot.EventsReceived,170
636151705944879429,"loadtest__sample-0__0","loadtest__sample-0__0:conreign-load-test-1_leader",Bot.ProcessedEvents,170
636151705945409502,"loadtest__sample-0__0","loadtest__sample-0__0:conreign-load-test-1_bot-3",Bot.EventsReceived,170
636151705945419506,"loadtest__sample-0__0","loadtest__sample-0__0:conreign-load-test-0_leader",Bot.EventsReceived,460
636151705945419506,"loadtest__sample-0__0","loadtest__sample-0__0:conreign-load-test-0_leader",Bot.ProcessedEvents,460
636151705945499511,"loadtest__sample-0__0","loadtest__sample-0__0:conreign-load-test-0_bot-1",Bot.EventsReceived,560
636151705945590128,"loadtest__sample-0__0","loadtest__sample-0__0:conreign-load-test-1_bot-1",Bot.EventsReceived,170
636151705945599509,"loadtest__sample-0__0","loadtest__sample-0__0:conreign-load-test-1_bot-1",Bot.ProcessedEvents,170
636151705945609511,"loadtest__sample-0__0","loadtest__sample-0__0:conreign-load-test-1_bot-2",Bot.EventsReceived,170
636151705945619509,"loadtest__sample-0__0","loadtest__sample-0__0:conreign-load-test-1_bot-2",Bot.ProcessedEvents,170
636151705945729517,"loadtest__sample-0__0","loadtest__sample-0__0:conreign-load-test-1_bot-3",Bot.ProcessedEvents,160
636151705945749513,"loadtest__sample-0__0","loadtest__sample-0__0:conreign-load-test-1_bot-3",Bot.ProcessedEvents,170
636151705946013063,"loadtest__sample-0__0","loadtest__sample-0__0:conreign-load-test-0_bot-1",Bot.ProcessedEvents,550
636151705946029520,"loadtest__sample-0__0","loadtest__sample-0__0:conreign-load-test-0_bot-1",Bot.ProcessedEvents,560
636151705946369536,"loadtest__sample-0__0","loadtest__sample-0__0:conreign-load-test-0_bot-3",Bot.EventsReceived,480
636151705946369536,"loadtest__sample-0__0","loadtest__sample-0__0:conreign-load-test-0_bot-3",Bot.ProcessedEvents,480
636151705946609542,"loadtest__sample-0__0","loadtest__sample-0__0:conreign-load-test-1_leader",Bot.EventsReceived,180
636151705946699616,"loadtest__sample-0__0","loadtest__sample-0__0:conreign-load-test-1_leader",Bot.ProcessedEvents,180
636151705946729758,"loadtest__sample-0__0","loadtest__sample-0__0:conreign-load-test-0_bot-1",Bot.EventsReceived,570
636151705946999556,"loadtest__sample-0__0","loadtest__sample-0__0:conreign-load-test-0_bot-1",Bot.ProcessedEvents,570
636151705947379562,"loadtest__sample-0__0","loadtest__sample-0__0:conreign-load-test-0_bot-2",Bot.EventsReceived,460
636151705947379562,"loadtest__sample-0__0","loadtest__sample-0__0:conreign-load-test-0_bot-2",Bot.ProcessedEvents,460
636151705947389567,"loadtest__sample-0__0","loadtest__sample-0__0:conreign-load-test-1_bot-1",Bot.EventsReceived,180
636151705947389567,"loadtest__sample-0__0","loadtest__sample-0__0:conreign-load-test-1_bot-1",Bot.ProcessedEvents,180
636151705947459954,"loadtest__sample-0__0","loadtest__sample-0__0:conreign-load-test-1_bot-3",Bot.EventsReceived,180
636151705947749790,"loadtest__sample-0__0","loadtest__sample-0__0:conreign-load-test-0_bot-1",Bot.EventsReceived,580
636151705947779588,"loadtest__sample-0__0","loadtest__sample-0__0:conreign-load-test-0_leader",Bot.EventsReceived,470
636151705947779588,"loadtest__sample-0__0","loadtest__sample-0__0:conreign-load-test-0_leader",Bot.ProcessedEvents,470
636151705948099591,"loadtest__sample-0__0","loadtest__sample-0__0:conreign-load-test-1_bot-2",Bot.EventsReceived,180
636151705948345011,"loadtest__sample-0__0","loadtest__sample-0__0:conreign-load-test-1_bot-3",Bot.ProcessedEvents,180
636151705948915012,"loadtest__sample-0__0","loadtest__sample-0__0:conreign-load-test-1_bot-3",Bot.EventsReceived,190
636151705949310725,"loadtest__sample-0__0","loadtest__sample-0__0:conreign-load-test-1_bot-2",Bot.ProcessedEvents,180
636151705949335035,"loadtest__sample-0__0","loadtest__sample-0__0:conreign-load-test-0_bot-1",Bot.ProcessedEvents,580
636151705949825091,"loadtest__sample-0__0","loadtest__sample-0__0:conreign-load-test-1_leader",Bot.EventsReceived,190
636151705949825091,"loadtest__sample-0__0","loadtest__sample-0__0:conreign-load-test-1_leader",Bot.ProcessedEvents,190
636151705950295253,"loadtest__sample-0__0","loadtest__sample-0__0:conreign-load-test-1_bot-1",Bot.EventsReceived,190
636151705950295253,"loadtest__sample-0__0","loadtest__sample-0__0:conreign-load-test-1_bot-1",Bot.ProcessedEvents,190
636151705950652242,"loadtest__sample-0__0","loadtest__sample-0__0:conreign-load-test-1_bot-2",Bot.EventsReceived,190
636151705950652242,"loadtest__sample-0__0","loadtest__sample-0__0:conreign-load-test-1_bot-2",Bot.ProcessedEvents,190
636151705950652242,"loadtest__sample-0__0","loadtest__sample-0__0:conreign-load-test-1_bot-3",Bot.EventsReceived,200
636151705950922254,"loadtest__sample-0__0","loadtest__sample-0__0:conreign-load-test-1_bot-3",Bot.ProcessedEvents,190
636151705950932246,"loadtest__sample-0__0","loadtest__sample-0__0:conreign-load-test-1_bot-3",Bot.ProcessedEvents,200
636151705951862397,"loadtest__sample-0__0","loadtest__sample-0__0:conreign-load-test-1_leader",Bot.EventsReceived,200
636151705952661457,"loadtest__sample-0__0","loadtest__sample-0__0:conreign-load-test-1_bot-2",Bot.EventsReceived,200
636151705952671453,"loadtest__sample-0__0","loadtest__sample-0__0:conreign-load-test-1_bot-2",Bot.ProcessedEvents,200
636151705952735877,"loadtest__sample-0__0","loadtest__sample-0__0:conreign-load-test-1_bot-3",Bot.EventsReceived,210
636151705952741451,"loadtest__sample-0__0","loadtest__sample-0__0:conreign-load-test-1_bot-1",Bot.EventsReceived,200
636151705952741451,"loadtest__sample-0__0","loadtest__sample-0__0:conreign-load-test-1_bot-1",Bot.ProcessedEvents,200
636151705952751454,"loadtest__sample-0__0","loadtest__sample-0__0:conreign-load-test-1_leader",Bot.ProcessedEvents,200
636151705953421737,"loadtest__sample-0__0","loadtest__sample-0__0:conreign-load-test-1_leader",Bot.EventsReceived,210
636151705953421737,"loadtest__sample-0__0","loadtest__sample-0__0:conreign-load-test-1_leader",Bot.ProcessedEvents,210
636151705953621482,"loadtest__sample-0__0","loadtest__sample-0__0:conreign-load-test-1_bot-3",Bot.EventsReceived,220
636151705953881492,"loadtest__sample-0__0","loadtest__sample-0__0:conreign-load-test-1_bot-3",Bot.ProcessedEvents,210
636151705953981494,"loadtest__sample-0__0","loadtest__sample-0__0:conreign-load-test-1_bot-1",Bot.EventsReceived,210
636151705953991491,"loadtest__sample-0__0","loadtest__sample-0__0:conreign-load-test-1_bot-1",Bot.ProcessedEvents,210
636151705955048798,"loadtest__sample-0__0","loadtest__sample-0__0:conreign-load-test-1_bot-2",Bot.EventsReceived,210
636151705955048798,"loadtest__sample-0__0","loadtest__sample-0__0:conreign-load-test-1_bot-2",Bot.ProcessedEvents,210
636151705956140980,"loadtest__sample-0__0","loadtest__sample-0__0:conreign-load-test-1_leader",Bot.EventsReceived,220
636151705956140980,"loadtest__sample-0__0","loadtest__sample-0__0:conreign-load-test-1_leader",Bot.ProcessedEvents,220
636151705956150993,"loadtest__sample-0__0","loadtest__sample-0__0:conreign-load-test-1_bot-3",Bot.EventsReceived,230
636151705956378354,"loadtest__sample-0__0","loadtest__sample-0__0:conreign-load-test-1_bot-1",Bot.EventsReceived,220
636151705956378354,"loadtest__sample-0__0","loadtest__sample-0__0:conreign-load-test-1_bot-1",Bot.ProcessedEvents,220
636151705956982017,"loadtest__sample-0__0","loadtest__sample-0__0:conreign-load-test-1_bot-2",Bot.EventsReceived,220
636151705957064070,"loadtest__sample-0__0","loadtest__sample-0__0:conreign-load-test-1_bot-3",Bot.ProcessedEvents,220
636151705957072008,"loadtest__sample-0__0","loadtest__sample-0__0:conreign-load-test-1_bot-3",Bot.ProcessedEvents,230
636151705957322025,"loadtest__sample-0__0","loadtest__sample-0__0:conreign-load-test-1_bot-2",Bot.ProcessedEvents,220
636151705958102907,"loadtest__sample-0__0","loadtest__sample-0__0:conreign-load-test-1_bot-3",Bot.EventsReceived,240
636151705958397196,"loadtest__sample-0__0","loadtest__sample-0__0:conreign-load-test-1_leader",Bot.EventsReceived,230
636151705958397196,"loadtest__sample-0__0","loadtest__sample-0__0:conreign-load-test-1_leader",Bot.ProcessedEvents,230
636151705958899205,"loadtest__sample-0__0","loadtest__sample-0__0:conreign-load-test-1_bot-1",Bot.EventsReceived,230
636151705958909201,"loadtest__sample-0__0","loadtest__sample-0__0:conreign-load-test-1_bot-1",Bot.ProcessedEvents,230
636151705958909201,"loadtest__sample-0__0","loadtest__sample-0__0:conreign-load-test-1_bot-3",Bot.ProcessedEvents,240
636151705959979897,"loadtest__sample-0__0","loadtest__sample-0__0:conreign-load-test-1_bot-2",Bot.EventsReceived,230
636151705959979897,"loadtest__sample-0__0","loadtest__sample-0__0:conreign-load-test-1_bot-2",Bot.ProcessedEvents,230
636151705960259904,"loadtest__sample-0__0","loadtest__sample-0__0:conreign-load-test-1_bot-3",Bot.EventsReceived,250
636151705960759922,"loadtest__sample-0__0","loadtest__sample-0__0:conreign-load-test-1_leader",Bot.EventsReceived,240
636151705960759922,"loadtest__sample-0__0","loadtest__sample-0__0:conreign-load-test-1_leader",Bot.ProcessedEvents,240
636151705960978532,"loadtest__sample-0__0","loadtest__sample-0__0:conreign-load-test-1_bot-3",Bot.ProcessedEvents,250
636151705961865034,"loadtest__sample-0__0","loadtest__sample-0__0:conreign-load-test-1_bot-1",Bot.EventsReceived,240
636151705961875016,"loadtest__sample-0__0","loadtest__sample-0__0:conreign-load-test-1_bot-1",Bot.ProcessedEvents,240
636151705962337245,"loadtest__sample-0__0","loadtest__sample-0__0:conreign-load-test-1_bot-3",Bot.EventsReceived,260
636151705962408788,"loadtest__sample-0__0","loadtest__sample-0__0:conreign-load-test-1_bot-2",Bot.EventsReceived,240
636151705962410785,"loadtest__sample-0__0","loadtest__sample-0__0:conreign-load-test-1_bot-2",Bot.ProcessedEvents,240
636151705962961555,"loadtest__sample-0__0","loadtest__sample-0__0:conreign-load-test-1_leader",Bot.EventsReceived,250
636151705962971555,"loadtest__sample-0__0","loadtest__sample-0__0:conreign-load-test-1_leader",Bot.ProcessedEvents,250
636151705963245779,"loadtest__sample-0__0","loadtest__sample-0__0:conreign-load-test-1_bot-3",Bot.ProcessedEvents,260
636151705963495785,"loadtest__sample-0__0","loadtest__sample-0__0:conreign-load-test-1_bot-3",Bot.EventsReceived,270
636151705964027428,"loadtest__sample-0__0","loadtest__sample-0__0:conreign-load-test-1_bot-1",Bot.EventsReceived,250
636151705964027428,"loadtest__sample-0__0","loadtest__sample-0__0:conreign-load-test-1_bot-1",Bot.ProcessedEvents,250
636151705964346557,"loadtest__sample-0__0","loadtest__sample-0__0:conreign-load-test-1_bot-2",Bot.EventsReceived,250
636151705964346557,"loadtest__sample-0__0","loadtest__sample-0__0:conreign-load-test-1_bot-2",Bot.ProcessedEvents,250
636151705965290649,"loadtest__sample-0__0","loadtest__sample-0__0:conreign-load-test-1_leader",Bot.EventsReceived,260
636151705966119371,"loadtest__sample-0__0","loadtest__sample-0__0:conreign-load-test-1_leader",Bot.ProcessedEvents,260
636151705966129292,"loadtest__sample-0__0","loadtest__sample-0__0:conreign-load-test-1_bot-1",Bot.EventsReceived,260
636151705966129292,"loadtest__sample-0__0","loadtest__sample-0__0:conreign-load-test-1_bot-1",Bot.ProcessedEvents,260
636151705966219388,"loadtest__sample-0__0","loadtest__sample-0__0:conreign-load-test-1_bot-2",Bot.EventsReceived,260
636151705966239249,"loadtest__sample-0__0","loadtest__sample-0__0:conreign-load-test-1_bot-3",Bot.EventsReceived,280
636151705966339258,"loadtest__sample-0__0","loadtest__sample-0__0:conreign-load-test-1_bot-3",Bot.ProcessedEvents,270
636151705966409253,"loadtest__sample-0__0","loadtest__sample-0__0:conreign-load-test-1_bot-3",Bot.ProcessedEvents,280
636151705966979283,"loadtest__sample-0__0","loadtest__sample-0__0:conreign-load-test-1_bot-2",Bot.ProcessedEvents,260
636151705967769306,"loadtest__sample-0__0","loadtest__sample-0__0:conreign-load-test-1_bot-3",Bot.EventsReceived,290
636151705967829339,"loadtest__sample-0__0","loadtest__sample-0__0:conreign-load-test-1_leader",Bot.EventsReceived,270
636151705967829339,"loadtest__sample-0__0","loadtest__sample-0__0:conreign-load-test-1_leader",Bot.ProcessedEvents,270
636151705968419581,"loadtest__sample-0__0","loadtest__sample-0__0:conreign-load-test-1_bot-1",Bot.EventsReceived,270
636151705968429332,"loadtest__sample-0__0","loadtest__sample-0__0:conreign-load-test-1_bot-1",Bot.ProcessedEvents,270
636151705968849331,"loadtest__sample-0__0","loadtest__sample-0__0:conreign-load-test-1_bot-2",Bot.EventsReceived,270
636151705968849331,"loadtest__sample-0__0","loadtest__sample-0__0:conreign-load-test-1_bot-2",Bot.ProcessedEvents,270
636151705968929343,"loadtest__sample-0__0","loadtest__sample-0__0:conreign-load-test-1_bot-3",Bot.EventsReceived,300
636151705970757957,"loadtest__sample-0__0","loadtest__sample-0__0:conreign-load-test-1_bot-3",Bot.ProcessedEvents,290
636151705970777956,"loadtest__sample-0__0","loadtest__sample-0__0:conreign-load-test-1_bot-3",Bot.ProcessedEvents,300
